clipe;unico;duracao;alcance;pe;pe_altura;altura;desvio;teto;curso;guarda;giro_impacto;giro_fim;balanco;impacto;avanco;veredito
Attack4_Stage1_Complete;0;1.7000;2.1535;1.9670;0.0869;0.2726;1.3710;2.4922;17.2945;-50.32;-1.13;-49.27;50.32;0.5667;0.0000;passa ao lado
Attack8_Stage3_Complete;0;1.4000;2.5370;1.5103;0.0897;0.6730;0.0305;2.4695;17.1349;-50.22;-1.83;-49.67;58.40;0.4222;0.0000;acerta embaixo
Attack9;1;1.8333;2.3300;1.5565;0.0959;1.2671;0.5851;2.3605;16.4367;-50.23;3.53;-49.41;58.79;0.8111;0.0000;passa ao lado
Attack6_Stage1_Complete;0;2.1667;3.1984;2.1413;0.0918;1.5746;0.7791;2.3424;33.1084;-50.30;-4.38;-48.98;177.08;0.8444;0.0000;passa ao lado
Attack3_Stage2_Complete;0;1.1667;1.8300;0.4275;0.0877;1.2814;0.0514;2.3726;18.0549;-50.32;8.53;-48.94;57.12;0.4667;0.3756;acerta em cima
Attack3_Stage1_Complete;0;1.1333;0.5461;1.2211;0.0916;0.1745;1.5880;0.2713;4.4668;-50.32;-8.64;-49.29;50.32;0.6222;0.0000;passa ao lado
Attack4;1;3.7667;4.6427;3.4862;0.0812;0.6603;0.0521;2.7030;56.9347;-50.32;-11.68;-50.08;175.04;0.8000;0.0000;acerta embaixo
Attack6;1;4.2667;4.3427;3.4469;0.0561;1.4611;0.1421;2.2023;55.7911;-50.40;18.50;-50.60;172.92;0.5556;0.0000;acerta em cima
Attack6_Stage2_Complete;0;1.6667;1.9776;0.5614;0.2034;1.4598;0.1995;2.3610;26.0122;-50.30;18.58;-50.01;177.14;0.5222;1.1918;acerta em cima
Attack6_Stage3_Complete;0;1.6667;0.6469;0.5036;0.0657;0.2838;1.4689;0.8980;5.5733;-50.30;-21.25;-50.53;61.98;0.3000;0.0000;passa ao lado
Attack8_Stage4_Complete;0;2.1667;3.1633;1.6689;0.0946;0.6979;0.0878;2.5884;33.4873;-50.22;21.96;-49.03;176.11;0.5222;0.0000;acerta embaixo
Attack13;1;1.5000;2.3441;0.7700;0.1012;1.3435;0.2814;2.0027;10.2499;-50.39;26.52;-50.92;65.62;0.5889;0.0000;acerta em cima
Attack3;1;3.2667;2.4233;0.9916;0.9248;1.3928;0.1162;2.5832;36.7112;-50.32;-26.62;-51.25;138.16;0.5778;0.0000;acerta em cima
Attack3_Stage3_Complete;0;2.0333;1.9000;0.6362;0.0582;1.3841;0.1084;2.7427;23.9694;-50.32;-27.02;-51.25;138.27;0.3222;0.4012;acerta em cima
Attack10;1;3.5667;4.0554;2.4140;0.2035;0.8897;0.3844;2.7884;51.9122;-50.23;29.76;-50.10;177.76;0.6111;0.0000;acerta no tronco
Attack8_Stage1_Complete;0;1.3333;3.0565;1.5788;0.0915;1.3532;0.1474;2.1112;11.4530;-50.22;31.00;-49.68;50.22;0.4667;0.0000;acerta em cima
Attack10_Stage2_Complete;0;2.7000;4.0572;2.4168;0.2108;0.8283;0.5568;2.7818;33.1875;-50.23;32.94;-50.10;174.45;0.4889;0.0000;acerta no tronco
Attack7_Stage1_Complete;0;1.5000;2.8594;2.0102;0.0930;1.2310;0.0831;2.5347;22.2911;-50.25;33.94;-49.66;71.23;0.6444;0.0000;acerta em cima
Attack8;1;4.3000;4.1327;2.7084;0.0946;0.7115;0.6118;2.5520;64.7201;-50.22;35.37;-49.03;179.19;0.8667;0.0000;passa ao lado
Attack7;1;3.8000;3.6754;2.2352;0.0896;1.1039;0.2156;2.7197;55.7142;-50.25;36.20;-49.66;179.51;0.7222;0.0000;acerta no tronco
Attack7_Stage2_Complete;0;1.4333;2.0017;1.5415;0.0895;1.4083;0.3029;2.4993;16.3609;-50.25;-36.81;-50.08;77.85;0.5000;0.0000;acerta em cima
Attack2_Stage1_Complete;0;1.6667;2.5783;0.9544;0.0922;1.3849;0.1581;2.6534;24.2657;-50.32;38.47;-50.71;113.30;0.6333;0.0000;acerta em cima
Attack11;1;2.5000;3.0346;2.4286;0.1880;0.9296;0.5700;2.0929;18.2656;-50.39;-41.86;-50.16;85.10;0.7333;0.0000;acerta no tronco
Attack4_Stage3_Complete;0;1.9000;1.5081;0.5041;0.1025;1.4363;0.5410;2.7285;22.4347;-50.32;-46.99;-50.30;57.40;0.5889;1.4224;acerta em cima
Attack7_Stage3_Complete;0;2.3667;3.1953;1.7164;0.1479;0.6388;0.8661;2.7451;33.0077;-50.25;49.33;-49.85;176.58;0.5667;0.0000;passa ao lado
Attack4_Stage2_Complete;0;1.6667;1.4829;0.3168;0.0915;1.2946;0.1720;2.6016;21.3569;-50.32;-51.09;-50.39;56.66;0.5111;0.6875;acerta em cima
Attack12;1;3.6667;2.7094;1.5465;0.0945;1.1810;0.0967;2.4738;48.5334;-50.38;55.56;-49.59;107.10;0.8111;0.0000;acerta no tronco
Attack10_Stage1_Complete;0;2.3333;3.2248;2.3131;0.0905;1.2484;0.4801;2.8005;34.6243;-50.23;57.78;-51.90;179.93;0.6333;0.0000;acerta em cima
Attack5;1;3.3000;4.2887;2.3646;0.0898;1.0900;0.5080;2.6929;49.1696;-50.33;58.61;-49.99;174.14;0.6667;0.0000;acerta no tronco
Attack8_Stage2_Complete;0;1.3333;2.5661;1.6829;0.0952;0.8725;0.3039;2.5573;20.3125;-50.22;59.55;-48.47;89.28;0.4556;0.0000;acerta no tronco
Attack2_Stage2_Complete;0;3.3667;2.8572;1.8807;0.0545;0.5150;0.0553;2.2292;32.4417;-50.32;-60.15;-49.80;178.41;0.6778;0.0000;acerta embaixo
Attack2;1;4.5667;3.5630;2.5436;0.0425;0.8483;0.1079;2.6529;49.8567;-50.32;-62.16;-49.80;179.49;0.7667;0.0000;acerta no tronco
Attack1_Stage2_Complete;0;2.4667;3.1761;2.4725;0.0960;1.3564;0.0892;2.9249;41.6850;-50.39;64.29;-49.21;177.00;0.6778;0.0000;acerta em cima
Attack1;1;2.9333;3.2819;2.5888;0.0960;1.1785;0.4825;2.9489;43.6985;-50.32;68.40;-49.21;176.98;0.7222;0.0000;acerta no tronco
Attack1_Stage1_Complete;0;1.5000;1.2023;0.8260;1.1579;2.7137;0.4498;2.7975;13.2932;-50.32;75.19;-51.18;179.94;0.5000;0.2701;CHUTE (lanca por cima)
